--
-- PostgreSQL database dump
--

SET statement_timeout = 0;
SET lock_timeout = 0;
SET client_encoding = 'UTF8';
SET standard_conforming_strings = on;
SET check_function_bodies = false;
SET client_min_messages = warning;

--
-- Name: plpgsql; Type: EXTENSION; Schema: -; Owner: 
--

CREATE EXTENSION IF NOT EXISTS plpgsql WITH SCHEMA pg_catalog;


--
-- Name: EXTENSION plpgsql; Type: COMMENT; Schema: -; Owner: 
--

COMMENT ON EXTENSION plpgsql IS 'PL/pgSQL procedural language';


SET search_path = public, pg_catalog;

SET default_tablespace = '';

SET default_with_oids = false;

--
-- Name: arguments; Type: TABLE; Schema: public; Owner: supersede; Tablespace: 
--

CREATE TABLE arguments (
    argument_id bigint NOT NULL,
    content text NOT NULL
);


ALTER TABLE arguments OWNER TO "supersede";

--
-- Name: criterias_matrices_data; Type: TABLE; Schema: public; Owner: supersede; Tablespace: 
--

CREATE TABLE criterias_matrices_data (
    criterias_matrix_data_id bigint NOT NULL,
    game_id bigint NOT NULL,
    criteria_row_id bigint NOT NULL,
    criteria_column_id bigint NOT NULL,
    value bigint NOT NULL
);


ALTER TABLE criterias_matrices_data OWNER TO "supersede";

--
-- Name: game_criterias; Type: TABLE; Schema: public; Owner: supersede; Tablespace: 
--

CREATE TABLE game_criterias (
    game_id bigint NOT NULL,
    criteria_id bigint NOT NULL
);


ALTER TABLE game_criterias OWNER TO "supersede";

--
-- Name: game_players; Type: TABLE; Schema: public; Owner: supersede; Tablespace: 
--

CREATE TABLE game_players (
    game_id bigint NOT NULL,
    player_id bigint NOT NULL
);


ALTER TABLE game_players OWNER TO "supersede";

--
-- Name: game_requirements; Type: TABLE; Schema: public; Owner: supersede; Tablespace: 
--

CREATE TABLE game_requirements (
    game_id bigint NOT NULL,
    requirement_id bigint NOT NULL
);


ALTER TABLE game_requirements OWNER TO "supersede";

--
-- Name: games; Type: TABLE; Schema: public; Owner: supersede; Tablespace: 
--

CREATE TABLE games (
    game_id bigint NOT NULL,
    start_time timestamp with time zone NOT NULL,
    title text,
    description text,
    creator_id bigint NOT NULL,
    finished boolean DEFAULT false NOT NULL
);


ALTER TABLE games OWNER TO "supersede";

--
-- Name: games_players_points; Type: TABLE; Schema: public; Owner: supersede; Tablespace: 
--

CREATE TABLE games_players_points (
    game_id bigint NOT NULL,
    user_id bigint NOT NULL,
    points bigint NOT NULL,
    game_player_point_id bigint NOT NULL,
    agreement_index bigint,
    position_in_voting bigint,
    virtual_position bigint
);


ALTER TABLE games_players_points OWNER TO "supersede";

--
-- Name: hibernate_sequence; Type: SEQUENCE; Schema: public; Owner: supersede
--

CREATE SEQUENCE hibernate_sequence
    START WITH 1
    INCREMENT BY 1
    NO MINVALUE
    NO MAXVALUE
    CACHE 1;


ALTER TABLE hibernate_sequence OWNER TO "supersede";

--
-- Name: judge_acts; Type: TABLE; Schema: public; Owner: supersede; Tablespace: 
--

CREATE TABLE judge_acts (
    judge_act_id bigint NOT NULL,
    requirements_matrix_data_id bigint NOT NULL,
    judge_id bigint,
    voted boolean DEFAULT false NOT NULL,
    voted_time timestamp with time zone
);


ALTER TABLE judge_acts OWNER TO "supersede";

--
-- Name: notifications; Type: TABLE; Schema: public; Owner: supersede; Tablespace: 
--

CREATE TABLE notifications (
    notification_id bigint NOT NULL,
    message text NOT NULL,
    user_id bigint,
    read boolean NOT NULL,
    email_sent boolean NOT NULL,
    creation_time timestamp with time zone NOT NULL,
    link text
);


ALTER TABLE notifications OWNER TO "supersede";

--
-- Name: player_moves; Type: TABLE; Schema: public; Owner: supersede; Tablespace: 
--

CREATE TABLE player_moves (
    player_move_id bigint NOT NULL,
    requirements_matrix_data_id bigint NOT NULL,
    player_id bigint NOT NULL,
    value bigint,
    played boolean DEFAULT false NOT NULL,
    played_time timestamp with time zone
);


ALTER TABLE player_moves OWNER TO "supersede";

--
-- Name: points; Type: TABLE; Schema: public; Owner: supersede; Tablespace: 
--

CREATE TABLE points (
    point_id bigint NOT NULL,
    description text NOT NULL,
    global_points bigint DEFAULT 0 NOT NULL,
    criteria_points bigint DEFAULT 0 NOT NULL
);


ALTER TABLE points OWNER TO "supersede";

--
-- Name: requirements; Type: TABLE; Schema: public; Owner: supersede; Tablespace: 
--

CREATE TABLE requirements (
    requirement_id bigint NOT NULL,
    name text NOT NULL,
    description text
);


ALTER TABLE requirements OWNER TO "supersede";

--
-- Name: requirements_choices; Type: TABLE; Schema: public; Owner: supersede; Tablespace: 
--

CREATE TABLE requirements_choices (
    requirements_choice_id bigint NOT NULL,
    description text,
    value bigint,
    label text
);


ALTER TABLE requirements_choices OWNER TO "supersede";

--
-- Name: requirements_matrices_data; Type: TABLE; Schema: public; Owner: supersede; Tablespace: 
--

CREATE TABLE requirements_matrices_data (
    requirements_matrix_data_id bigint NOT NULL,
    game_id bigint NOT NULL,
    criteria_id bigint NOT NULL,
    requirement_row_id bigint NOT NULL,
    requirement_column_id bigint NOT NULL,
    value bigint NOT NULL
);


ALTER TABLE requirements_matrices_data OWNER TO "supersede";

--
-- Name: users; Type: TABLE; Schema: public; Owner: supersede; Tablespace: 
--

CREATE TABLE users (
    user_id bigint NOT NULL,
    name text NOT NULL
);


ALTER TABLE users OWNER TO "supersede";

--
-- Name: users_criteria_points; Type: TABLE; Schema: public; Owner: supersede; Tablespace: 
--

CREATE TABLE users_criteria_points (
    user_id bigint NOT NULL,
    criteria_id bigint NOT NULL,
    points bigint DEFAULT 0 NOT NULL,
    user_criteria_points_id bigint NOT NULL
);


ALTER TABLE users_criteria_points OWNER TO "supersede";

--
-- Name: users_points; Type: TABLE; Schema: public; Owner: supersede; Tablespace: 
--

CREATE TABLE users_points (
    user_id bigint NOT NULL,
    user_points bigint DEFAULT 0 NOT NULL,
    users_points_id bigint NOT NULL
);


ALTER TABLE users_points OWNER TO "supersede";

--
-- Name: valutation_criterias; Type: TABLE; Schema: public; Owner: supersede; Tablespace: 
--

CREATE TABLE valutation_criterias (
    criteria_id bigint NOT NULL,
    name text NOT NULL,
    description text
);


ALTER TABLE valutation_criterias OWNER TO "supersede";

--
-- Data for Name: arguments; Type: TABLE DATA; Schema: public; Owner: supersede
--

COPY arguments (argument_id, content) FROM stdin;
\.


--
-- Data for Name: criterias_matrices_data; Type: TABLE DATA; Schema: public; Owner: supersede
--

COPY criterias_matrices_data (criterias_matrix_data_id, game_id, criteria_row_id, criteria_column_id, value) FROM stdin;
3589	3588	2686	2765	5
3597	3596	2685	2765	5
3605	3604	2686	2685	3
3613	3612	2685	2765	0
3621	3620	2686	2685	4
3629	3628	2686	2765	4
3637	3636	2686	2765	4
3645	3644	2685	2765	4
3653	3652	2685	2686	4
3661	3660	2685	2686	0
3669	3668	2686	2685	3
3677	3676	2686	2685	4
3685	3684	2686	2685	4
3693	3692	2686	2685	4
3701	3700	2685	2686	4
3709	3708	2686	2765	4
3717	3716	2685	2686	4
3725	3724	2685	2686	4
3733	3732	2686	2765	4
3741	3740	2686	2765	4
3749	3748	2685	2765	4
3764	3763	2685	2686	3
3788	3787	2686	2765	0
3789	3787	2685	2765	8
3790	3787	2685	2686	4
3847	3846	2686	2765	6
3848	3846	2685	2765	1
3849	3846	2685	2686	4
3906	3905	2765	2686	4
3915	3914	2685	2765	4
3916	3914	2686	2765	4
3917	3914	2686	2685	4
3974	3973	2686	2765	6
3975	3973	2685	2765	0
3976	3973	2685	2686	1
4033	4032	2686	2765	4
4034	4032	2685	2765	4
4035	4032	2685	2686	4
4092	4091	2686	2685	4
4116	4115	2686	2685	4
\.


--
-- Data for Name: game_criterias; Type: TABLE DATA; Schema: public; Owner: supersede
--

COPY game_criterias (game_id, criteria_id) FROM stdin;
3588	2765
3588	2686
3596	2765
3596	2685
3604	2685
3604	2686
3612	2765
3612	2685
3620	2685
3620	2686
3628	2765
3628	2686
3636	2765
3636	2686
3644	2765
3644	2685
3652	2686
3652	2685
3660	2686
3660	2685
3668	2685
3668	2686
3676	2685
3676	2686
3684	2685
3684	2686
3692	2685
3692	2686
3700	2686
3700	2685
3708	2765
3708	2686
3716	2686
3716	2685
3724	2686
3724	2685
3732	2765
3732	2686
3740	2765
3740	2686
3748	2765
3748	2685
3763	2686
3763	2685
3787	2765
3787	2686
3787	2685
3846	2765
3846	2686
3846	2685
3905	2686
3905	2765
3914	2765
3914	2685
3914	2686
3973	2765
3973	2686
3973	2685
4032	2765
4032	2686
4032	2685
4091	2685
4091	2686
4115	2685
4115	2686
\.


--
-- Data for Name: game_players; Type: TABLE DATA; Schema: public; Owner: supersede
--

COPY game_players (game_id, player_id) FROM stdin;
3588	3341
3596	3341
3604	3341
3612	3341
3620	3341
3628	3341
3636	3341
3644	3341
3652	3341
3660	3341
3668	3341
3676	3341
3684	3341
3692	3341
3700	3341
3708	3341
3716	3341
3724	3341
3732	3341
3740	3341
3748	3341
3763	3341
3787	3341
3846	3341
3905	3341
3914	3341
3973	3341
4032	3341
4091	3341
4115	3341
\.


--
-- Data for Name: game_requirements; Type: TABLE DATA; Schema: public; Owner: supersede
--

COPY game_requirements (game_id, requirement_id) FROM stdin;
3588	2767
3588	2768
3596	2767
3596	2768
3604	2768
3604	2769
3612	2768
3612	2769
3620	2767
3620	2769
3628	2767
3628	2769
3636	2767
3636	2768
3644	2768
3644	2769
3652	2768
3652	2677
3660	2768
3660	2769
3668	2677
3668	2769
3676	2769
3676	2768
3684	2768
3684	2769
3692	2768
3692	2769
3700	2769
3700	2677
3708	2768
3708	2677
3716	2769
3716	2677
3724	2768
3724	2769
3732	2677
3732	2768
3740	2769
3740	2768
3748	2768
3748	2769
3763	2768
3763	2769
3787	2677
3787	2769
3787	2768
3787	2767
3846	2677
3846	2768
3846	2769
3846	2767
3905	2768
3905	2769
3914	2677
3914	2768
3914	2769
3914	2767
3973	2677
3973	2767
3973	2768
3973	2769
4032	2677
4032	2767
4032	2768
4032	2769
4091	2677
4091	2767
4091	2768
4115	4112
4115	2677
\.


--
-- Data for Name: games; Type: TABLE DATA; Schema: public; Owner: supersede
--

COPY games (game_id, start_time, title, description, creator_id, finished) FROM stdin;
3604	2016-06-06 15:09:02.797+02	Decision Making Process 2016-06-06 13:08:52	test	3341	t
3588	2016-06-06 14:12:01.525+02	Decision Making Process 2016-06-06 12:11:46	Test	3341	t
3596	2016-06-06 14:52:38.368+02	Decision Making Process 2016-06-06 12:52:27	Test	3341	t
3612	2016-06-06 15:12:18.764+02	Decision Making Process 2016-06-06 13:12:08	asd	3341	t
3628	2016-06-06 15:34:02.262+02	Decision Making Process 2016-06-06 13:33:53	qwe	3341	t
3644	2016-06-06 15:51:16.493+02	Decision Making Process 2016-06-06 13:51:08	qwe	3341	t
3636	2016-06-06 15:46:15.942+02	Decision Making Process 2016-06-06 13:46:08	sd	3341	t
3620	2016-06-06 15:20:04.145+02	Decision Making Process 2016-06-06 13:19:56	sad	3341	t
3652	2016-06-06 15:56:09.66+02	Decision Making Process 2016-06-06 13:56:01	qweadfs	3341	t
3668	2016-06-06 16:54:52.034+02	Decision Making Process 2016-06-06 14:54:44	asd	3341	t
3660	2016-06-06 16:47:44.942+02	Decision Making Process 2016-06-06 14:47:36	asd	3341	t
3676	2016-06-06 17:04:27.071+02	Decision Making Process 2016-06-06 15:04:19	asd	3341	t
3684	2016-06-06 17:12:42.901+02	Decision Making Process 2016-06-06 15:12:35	\N	3341	t
3692	2016-06-06 17:21:37.621+02	Decision Making Process 2016-06-06 15:21:30	sdf	3341	t
3700	2016-06-06 17:24:06.018+02	Decision Making Process 2016-06-06 15:23:59	\N	3341	t
3708	2016-06-06 17:26:13.89+02	Decision Making Process 2016-06-06 15:26:08	\N	3341	t
3716	2016-06-07 09:49:09.45+02	Decision Making Process 2016-06-07 07:49:03	\N	3341	t
3732	2016-06-07 11:07:28.373+02	Decision Making Process 2016-06-07 09:07:22	\N	3341	t
3724	2016-06-07 11:01:04.122+02	Decision Making Process 2016-06-07 09:00:56	\N	3341	t
3740	2016-06-07 11:14:44.913+02	Decision Making Process 2016-06-07 09:14:38	sad	3341	t
3748	2016-06-07 11:15:05.561+02	Decision Making Process 2016-06-07 09:14:58	\N	3341	t
3846	2016-09-09 13:50:42.026+02	Decision Making Process 2016-09-09 11:50:28	\N	3341	t
3914	2016-09-12 14:24:16.544+02	Decision Making Process 2016-09-12 12:24:06	\N	3341	t
3905	2016-09-12 10:37:22.616+02	Decision Making Process 2016-09-12 08:36:53	\N	3341	t
3763	2016-09-07 16:41:45.887+02	Decision Making Process 2016-09-07 14:41:23	\N	3341	t
3787	2016-09-08 15:45:25.037+02	Decision Making Process 2016-09-08 13:45:13	\N	3341	t
3973	2016-09-13 10:52:56.33+02	Decision Making Process 2016-09-13 08:52:42	\N	3341	t
4032	2016-09-13 14:33:12.165+02	Decision Making Process 2016-09-13 12:33:03	\N	3341	f
4091	2016-09-13 14:40:26.655+02	Decision Making Process 2016-09-13 12:40:14	\N	3341	f
4115	2016-09-13 14:49:38.064+02	Decision Making Process 2016-09-13 12:49:31	\N	3341	f
\.


--
-- Data for Name: games_players_points; Type: TABLE DATA; Schema: public; Owner: supersede
--

COPY games_players_points (game_id, user_id, points, game_player_point_id, agreement_index, position_in_voting, virtual_position) FROM stdin;
3905	3341	5	3913	20	1	1
3763	3341	0	3771	15	1	1
3914	3341	5	3972	20	1	1
3973	3341	52	4031	19	1	1
3787	3341	0	3845	11	1	1
4091	3341	5	4111	20	1	1
4115	3341	5	4123	20	1	1
4032	3341	15	4090	20	1	1
3846	3341	26	3904	18	1	1
\.


--
-- Name: hibernate_sequence; Type: SEQUENCE SET; Schema: public; Owner: supersede
--

SELECT pg_catalog.setval('hibernate_sequence', 4142, true);


--
-- Data for Name: judge_acts; Type: TABLE DATA; Schema: public; Owner: supersede
--

COPY judge_acts (judge_act_id, requirements_matrix_data_id, judge_id, voted, voted_time) FROM stdin;
3608	3606	\N	t	\N
3611	3609	\N	t	\N
3592	3590	\N	t	\N
3595	3593	\N	t	\N
3600	3598	\N	t	\N
3603	3601	\N	t	\N
3616	3614	\N	t	\N
3619	3617	\N	t	\N
3632	3630	\N	t	\N
3635	3633	\N	t	\N
3648	3646	\N	t	\N
3651	3649	\N	t	\N
3640	3638	\N	t	\N
3643	3641	\N	t	\N
3624	3622	\N	t	\N
3627	3625	\N	t	\N
3656	3654	\N	t	\N
3659	3657	\N	t	\N
3672	3670	\N	t	\N
3675	3673	\N	t	\N
3664	3662	\N	t	\N
3667	3665	\N	t	\N
3680	3678	\N	t	\N
3683	3681	\N	t	\N
3688	3686	\N	t	\N
3691	3689	\N	t	\N
3696	3694	\N	t	\N
3699	3697	\N	t	\N
3704	3702	\N	t	\N
3707	3705	\N	t	\N
3712	3710	\N	t	\N
3715	3713	\N	t	\N
3720	3718	\N	t	\N
3723	3721	\N	t	\N
3736	3734	\N	t	\N
3739	3737	\N	t	\N
3728	3726	\N	t	\N
3731	3729	\N	t	\N
3744	3742	\N	t	\N
3747	3745	\N	t	\N
3752	3750	\N	t	\N
3755	3753	\N	t	\N
3767	3765	3341	t	2016-09-08 09:45:17.401+02
3770	3768	3341	t	2016-09-08 09:45:44.441+02
3852	3850	3341	t	2016-09-09 16:11:51.628+02
3855	3853	3341	t	2016-09-09 16:12:01.937+02
3793	3791	3341	t	2016-09-08 16:49:17.863+02
3858	3856	3341	t	2016-09-09 16:12:14.089+02
3796	3794	3341	t	2016-09-09 12:02:26.618+02
3799	3797	3341	t	2016-09-09 12:02:32.776+02
3802	3800	3341	t	2016-09-09 13:41:29.513+02
3805	3803	3341	t	2016-09-09 13:44:46.768+02
3808	3806	3341	t	2016-09-09 13:45:29.005+02
3811	3809	3341	t	2016-09-09 13:45:30.556+02
3814	3812	3341	t	2016-09-09 13:45:31.508+02
3817	3815	3341	t	2016-09-09 13:45:32.387+02
3820	3818	3341	t	2016-09-09 13:45:33.228+02
3823	3821	3341	t	2016-09-09 13:45:34.273+02
3826	3824	3341	t	2016-09-09 13:45:35.304+02
3829	3827	3341	t	2016-09-09 13:45:35.897+02
3832	3830	3341	t	2016-09-09 13:45:36.368+02
3835	3833	3341	t	2016-09-09 13:45:36.729+02
3838	3836	3341	t	2016-09-09 13:45:37.066+02
3841	3839	3341	t	2016-09-09 13:45:37.449+02
3844	3842	3341	t	2016-09-09 13:45:37.817+02
3861	3859	3341	t	2016-09-09 16:13:16.403+02
3888	3886	\N	t	\N
3891	3889	\N	t	\N
3894	3892	\N	t	\N
3864	3862	\N	t	\N
3867	3865	\N	t	\N
3870	3868	\N	t	\N
3873	3871	\N	t	\N
3876	3874	\N	t	\N
3879	3877	\N	t	\N
3882	3880	\N	t	\N
3885	3883	\N	t	\N
3897	3895	\N	t	\N
3900	3898	\N	t	\N
3903	3901	\N	t	\N
3920	3918	\N	t	\N
3923	3921	\N	t	\N
3926	3924	\N	t	\N
3929	3927	\N	t	\N
3932	3930	\N	t	\N
3935	3933	\N	t	\N
3938	3936	\N	t	\N
3941	3939	\N	t	\N
3944	3942	\N	t	\N
3947	3945	\N	t	\N
3950	3948	\N	t	\N
3953	3951	\N	t	\N
3956	3954	\N	t	\N
3959	3957	\N	t	\N
3962	3960	\N	t	\N
3965	3963	\N	t	\N
3968	3966	\N	t	\N
3971	3969	\N	t	\N
3909	3907	\N	t	\N
3912	3910	\N	t	\N
3979	3977	3341	t	2016-09-13 14:12:15.629+02
3985	3983	3341	t	2016-09-13 14:12:17.427+02
3982	3980	3341	t	2016-09-13 14:12:20.626+02
3994	3992	3341	t	2016-09-13 14:12:23.947+02
4009	4007	3341	t	2016-09-13 14:12:33.387+02
4015	4013	3341	t	2016-09-13 14:12:34.426+02
4006	4004	3341	t	2016-09-13 14:12:36.145+02
3997	3995	3341	t	2016-09-13 14:12:37.498+02
3988	3986	\N	t	\N
3991	3989	\N	t	\N
4000	3998	\N	t	\N
4003	4001	\N	t	\N
4012	4010	\N	t	\N
4018	4016	\N	t	\N
4021	4019	\N	t	\N
4024	4022	\N	t	\N
4027	4025	\N	t	\N
4030	4028	\N	t	\N
4041	4039	\N	f	\N
4044	4042	\N	f	\N
4047	4045	\N	f	\N
4050	4048	\N	f	\N
4053	4051	\N	f	\N
4056	4054	\N	f	\N
4059	4057	\N	f	\N
4062	4060	\N	f	\N
4065	4063	\N	f	\N
4068	4066	\N	f	\N
4071	4069	\N	f	\N
4074	4072	\N	f	\N
4077	4075	\N	f	\N
4080	4078	\N	f	\N
4083	4081	\N	f	\N
4086	4084	\N	f	\N
4089	4087	\N	f	\N
4095	4093	\N	f	\N
4098	4096	\N	f	\N
4101	4099	\N	f	\N
4104	4102	\N	f	\N
4107	4105	\N	f	\N
4110	4108	\N	f	\N
4119	4117	\N	f	\N
4122	4120	\N	f	\N
4038	4036	3341	t	2016-09-13 14:55:23.703+02
\.


--
-- Data for Name: notifications; Type: TABLE DATA; Schema: public; Owner: supersede
--

COPY notifications (notification_id, message, user_id, read, email_sent, creation_time, link) FROM stdin;
\.


--
-- Data for Name: player_moves; Type: TABLE DATA; Schema: public; Owner: supersede
--

COPY player_moves (player_move_id, requirements_matrix_data_id, player_id, value, played, played_time) FROM stdin;
3607	3606	3341	\N	t	\N
3610	3609	3341	\N	t	\N
3591	3590	3341	\N	t	\N
3594	3593	3341	\N	t	\N
3599	3598	3341	\N	t	\N
3602	3601	3341	\N	t	\N
3615	3614	3341	\N	t	\N
3618	3617	3341	\N	t	\N
3631	3630	3341	\N	t	\N
3634	3633	3341	\N	t	\N
3647	3646	3341	\N	t	\N
3650	3649	3341	\N	t	\N
3639	3638	3341	\N	t	\N
3642	3641	3341	\N	t	\N
3623	3622	3341	\N	t	\N
3626	3625	3341	\N	t	\N
3655	3654	3341	\N	t	\N
3658	3657	3341	\N	t	\N
3671	3670	3341	\N	t	\N
3674	3673	3341	\N	t	\N
3663	3662	3341	\N	t	\N
3666	3665	3341	\N	t	\N
3679	3678	3341	\N	t	\N
3682	3681	3341	\N	t	\N
3687	3686	3341	\N	t	\N
3690	3689	3341	\N	t	\N
3695	3694	3341	\N	t	\N
3698	3697	3341	\N	t	\N
3703	3702	3341	\N	t	\N
3706	3705	3341	\N	t	\N
3711	3710	3341	\N	t	\N
3714	3713	3341	\N	t	\N
3719	3718	3341	\N	t	\N
3722	3721	3341	\N	t	\N
3735	3734	3341	\N	t	\N
3738	3737	3341	\N	t	\N
3727	3726	3341	\N	t	\N
3730	3729	3341	\N	t	\N
3743	3742	3341	\N	t	\N
3746	3745	3341	\N	t	\N
3751	3750	3341	8	t	2016-06-07 11:54:46.763+02
3754	3753	3341	0	t	2016-06-07 11:54:51.796+02
3766	3765	3341	\N	t	\N
3769	3768	3341	\N	t	\N
3792	3791	3341	\N	t	\N
3795	3794	3341	\N	t	\N
3798	3797	3341	\N	t	\N
3801	3800	3341	\N	t	\N
3804	3803	3341	\N	t	\N
3807	3806	3341	\N	t	\N
3810	3809	3341	\N	t	\N
3813	3812	3341	\N	t	\N
3816	3815	3341	\N	t	\N
3819	3818	3341	\N	t	\N
3822	3821	3341	\N	t	\N
3825	3824	3341	\N	t	\N
3828	3827	3341	\N	t	\N
3831	3830	3341	\N	t	\N
3834	3833	3341	\N	t	\N
3837	3836	3341	\N	t	\N
3840	3839	3341	\N	t	\N
3843	3842	3341	\N	t	\N
3851	3850	3341	3	t	2016-09-09 16:00:17.603+02
3854	3853	3341	\N	t	\N
3857	3856	3341	\N	t	\N
3860	3859	3341	\N	t	\N
3863	3862	3341	4	t	2016-09-09 16:19:58.394+02
3866	3865	3341	8	t	2016-09-12 10:11:11.879+02
3872	3871	3341	5	t	2016-09-12 10:11:14.163+02
3881	3880	3341	3	t	2016-09-12 10:11:16.549+02
3893	3892	3341	1	t	2016-09-12 10:11:17.822+02
3899	3898	3341	6	t	2016-09-12 10:11:19.755+02
3902	3901	3341	8	t	2016-09-12 10:11:22.733+02
3887	3886	3341	1	t	2016-09-12 10:11:24.261+02
3878	3877	3341	1	t	2016-09-12 10:11:25.076+02
3869	3868	3341	1	t	2016-09-12 10:11:26.477+02
3875	3874	3341	1	t	2016-09-12 10:11:27.059+02
3884	3883	3341	1	t	2016-09-12 10:11:27.556+02
3890	3889	3341	1	t	2016-09-12 10:11:28.083+02
3896	3895	3341	1	t	2016-09-12 10:11:30.382+02
3919	3918	3341	\N	t	\N
3922	3921	3341	\N	t	\N
3925	3924	3341	\N	t	\N
3928	3927	3341	\N	t	\N
3931	3930	3341	\N	t	\N
3934	3933	3341	\N	t	\N
3937	3936	3341	\N	t	\N
3940	3939	3341	\N	t	\N
3943	3942	3341	\N	t	\N
3946	3945	3341	\N	t	\N
3949	3948	3341	\N	t	\N
3952	3951	3341	\N	t	\N
3955	3954	3341	\N	t	\N
3958	3957	3341	\N	t	\N
3961	3960	3341	\N	t	\N
3964	3963	3341	\N	t	\N
3967	3966	3341	\N	t	\N
3970	3969	3341	\N	t	\N
3908	3907	3341	\N	t	\N
3911	3910	3341	\N	t	\N
3978	3977	3341	0	t	2016-09-13 11:14:46.068+02
3981	3980	3341	0	t	2016-09-13 11:14:46.7+02
3984	3983	3341	0	t	2016-09-13 11:14:47.221+02
3987	3986	3341	0	t	2016-09-13 11:14:47.731+02
3990	3989	3341	0	t	2016-09-13 11:14:48.092+02
4005	4004	3341	0	t	2016-09-13 11:14:51.187+02
3993	3992	3341	0	t	2016-09-13 11:14:48.447+02
3996	3995	3341	0	t	2016-09-13 11:14:48.842+02
3999	3998	3341	0	t	2016-09-13 11:14:49.426+02
4002	4001	3341	0	t	2016-09-13 11:14:50.175+02
4008	4007	3341	0	t	2016-09-13 11:14:52.409+02
4014	4013	3341	0	t	2016-09-13 11:14:53.598+02
4011	4010	3341	0	t	2016-09-13 11:14:52.788+02
4017	4016	3341	0	t	2016-09-13 11:14:54.257+02
4020	4019	3341	0	t	2016-09-13 11:14:54.793+02
4023	4022	3341	0	t	2016-09-13 11:14:55.31+02
4026	4025	3341	0	t	2016-09-13 11:14:55.919+02
4029	4028	3341	0	t	2016-09-13 11:14:56.506+02
4052	4051	3341	\N	f	\N
4058	4057	3341	\N	f	\N
4064	4063	3341	\N	f	\N
4070	4069	3341	\N	f	\N
4073	4072	3341	\N	f	\N
4076	4075	3341	\N	f	\N
4079	4078	3341	\N	f	\N
4082	4081	3341	\N	f	\N
4085	4084	3341	\N	f	\N
4088	4087	3341	\N	f	\N
4094	4093	3341	\N	f	\N
4097	4096	3341	\N	f	\N
4100	4099	3341	\N	f	\N
4103	4102	3341	\N	f	\N
4106	4105	3341	\N	f	\N
4109	4108	3341	\N	f	\N
4118	4117	3341	\N	f	\N
4121	4120	3341	\N	f	\N
4037	4036	3341	\N	t	\N
4043	4042	3341	8	t	2016-09-13 15:06:20.52+02
4049	4048	3341	4	t	2016-09-13 15:06:21.256+02
4055	4054	3341	2	t	2016-09-13 15:06:22.137+02
4061	4060	3341	2	t	2016-09-13 15:06:22.885+02
4067	4066	3341	5	t	2016-09-13 15:06:23.913+02
4040	4039	3341	5	t	2016-09-13 15:18:53.459+02
4046	4045	3341	8	t	2016-09-13 15:19:04.152+02
\.


--
-- Data for Name: points; Type: TABLE DATA; Schema: public; Owner: supersede
--

COPY points (point_id, description, global_points, criteria_points) FROM stdin;
-3	create decision making process	20	0
-2	negotiator action	10	5
-1	opinion provider action	10	5
\.


--
-- Data for Name: requirements; Type: TABLE DATA; Schema: public; Owner: supersede
--

COPY requirements (requirement_id, name, description) FROM stdin;
2768	D	D
2677	F	F
2769	C	C
2767	E	E
4112	Requirement with a medium-length text	asdasd 
\.


--
-- Data for Name: requirements_choices; Type: TABLE DATA; Schema: public; Owner: supersede
--

COPY requirements_choices (requirements_choice_id, description, value, label) FROM stdin;
616	First requirement is strongly preferred to the second requirement.	0	9
617	First requirement is preferred to the second requirement.	1	7
618	First requirement is weakly preferred to the second requirement.	2	5
619	No preference, but the first requirement comes first.	3	3
620	Indifference.	4	1
621	No preference, but the second requirement comes first.	5	3
622	Second requirement is weakly preferred to the first requirement.	6	5
623	Second requirement is preferred to the first requirement.	7	7
624	Second requirement is strongly preferred to the first requirement.	8	9
\.


--
-- Data for Name: requirements_matrices_data; Type: TABLE DATA; Schema: public; Owner: supersede
--

COPY requirements_matrices_data (requirements_matrix_data_id, game_id, criteria_id, requirement_row_id, requirement_column_id, value) FROM stdin;
3590	3588	2765	2768	2767	-1
3593	3588	2686	2768	2767	-1
3598	3596	2765	2768	2767	-1
3601	3596	2685	2768	2767	-1
3606	3604	2685	2769	2768	-1
3609	3604	2686	2769	2768	-1
3614	3612	2765	2769	2768	-1
3617	3612	2685	2769	2768	-1
3622	3620	2685	2769	2767	-1
3625	3620	2686	2769	2767	-1
3630	3628	2765	2769	2767	-1
3633	3628	2686	2769	2767	-1
3638	3636	2765	2768	2767	-1
3641	3636	2686	2768	2767	-1
3646	3644	2765	2769	2768	-1
3649	3644	2685	2769	2768	-1
3654	3652	2686	2677	2768	-1
3657	3652	2685	2677	2768	-1
3662	3660	2686	2769	2768	-1
3665	3660	2685	2769	2768	-1
3670	3668	2685	2769	2677	-1
3673	3668	2686	2769	2677	-1
3678	3676	2685	2768	2769	-1
3681	3676	2686	2768	2769	-1
3686	3684	2685	2769	2768	-1
3689	3684	2686	2769	2768	-1
3694	3692	2685	2769	2768	-1
3697	3692	2686	2769	2768	-1
3702	3700	2686	2677	2769	-1
3705	3700	2685	2677	2769	-1
3710	3708	2765	2677	2768	-1
3713	3708	2686	2677	2768	-1
3718	3716	2686	2677	2769	-1
3721	3716	2685	2677	2769	-1
3726	3724	2686	2769	2768	-1
3729	3724	2685	2769	2768	-1
3734	3732	2765	2768	2677	-1
3737	3732	2686	2768	2677	-1
3742	3740	2765	2768	2769	-1
3745	3740	2686	2768	2769	-1
3750	3748	2765	2769	2768	-1
3753	3748	2685	2769	2768	-1
3765	3763	2686	2769	2768	5
3768	3763	2685	2769	2768	0
3886	3846	2685	2768	2677	-1
3889	3846	2685	2769	2677	-1
3791	3787	2765	2769	2677	4
3892	3846	2685	2767	2677	-1
3794	3787	2765	2768	2677	4
3797	3787	2765	2767	2677	3
3800	3787	2765	2768	2769	3
3803	3787	2765	2767	2769	2
3806	3787	2765	2767	2768	2
3809	3787	2686	2769	2677	2
3812	3787	2686	2768	2677	2
3815	3787	2686	2767	2677	2
3818	3787	2686	2768	2769	2
3821	3787	2686	2767	2769	2
3824	3787	2686	2767	2768	2
3827	3787	2685	2769	2677	2
3830	3787	2685	2768	2677	2
3833	3787	2685	2767	2677	2
3836	3787	2685	2768	2769	2
3839	3787	2685	2767	2769	2
3842	3787	2685	2767	2768	2
3862	3846	2765	2767	2768	-1
3865	3846	2765	2767	2769	-1
3868	3846	2686	2768	2677	-1
3871	3846	2686	2769	2677	-1
3874	3846	2686	2767	2677	-1
3877	3846	2686	2769	2768	-1
3880	3846	2686	2767	2768	-1
3883	3846	2686	2767	2769	-1
3895	3846	2685	2769	2768	-1
3898	3846	2685	2767	2768	-1
3901	3846	2685	2767	2769	-1
3850	3846	2765	2768	2677	0
3853	3846	2765	2769	2677	7
3856	3846	2765	2767	2677	0
3859	3846	2765	2769	2768	8
3907	3905	2686	2769	2768	-1
3910	3905	2765	2769	2768	-1
3918	3914	2765	2768	2677	-1
3921	3914	2765	2769	2677	-1
3924	3914	2765	2767	2677	-1
3927	3914	2765	2769	2768	-1
3930	3914	2765	2767	2768	-1
3933	3914	2765	2767	2769	-1
3936	3914	2685	2768	2677	-1
3939	3914	2685	2769	2677	-1
3942	3914	2685	2767	2677	-1
3945	3914	2685	2769	2768	-1
3948	3914	2685	2767	2768	-1
3951	3914	2685	2767	2769	-1
3954	3914	2686	2768	2677	-1
3957	3914	2686	2769	2677	-1
3960	3914	2686	2767	2677	-1
3963	3914	2686	2769	2768	-1
3966	3914	2686	2767	2768	-1
3969	3914	2686	2767	2769	-1
3986	3973	2765	2768	2767	-1
3989	3973	2765	2769	2767	-1
3983	3973	2765	2769	2677	1
3980	3973	2765	2768	2677	1
3992	3973	2765	2769	2768	1
3998	3973	2686	2768	2677	-1
4001	3973	2686	2769	2677	-1
4010	3973	2686	2769	2768	-1
4016	3973	2685	2768	2677	-1
4019	3973	2685	2769	2677	-1
4022	3973	2685	2768	2767	-1
4025	3973	2685	2769	2767	-1
4028	3973	2685	2769	2768	-1
3977	3973	2765	2767	2677	3
4007	3973	2686	2769	2767	0
4013	3973	2685	2767	2677	0
4004	3973	2686	2768	2767	5
3995	3973	2686	2767	2677	8
4039	4032	2765	2768	2677	-1
4042	4032	2765	2769	2677	-1
4045	4032	2765	2768	2767	-1
4048	4032	2765	2769	2767	-1
4051	4032	2765	2769	2768	-1
4054	4032	2686	2767	2677	-1
4057	4032	2686	2768	2677	-1
4060	4032	2686	2769	2677	-1
4063	4032	2686	2768	2767	-1
4066	4032	2686	2769	2767	-1
4069	4032	2686	2769	2768	-1
4072	4032	2685	2767	2677	-1
4075	4032	2685	2768	2677	-1
4078	4032	2685	2769	2677	-1
4081	4032	2685	2768	2767	-1
4084	4032	2685	2769	2767	-1
4087	4032	2685	2769	2768	-1
4093	4091	2685	2767	2677	-1
4096	4091	2685	2768	2677	-1
4099	4091	2685	2768	2767	-1
4102	4091	2686	2767	2677	-1
4105	4091	2686	2768	2677	-1
4108	4091	2686	2768	2767	-1
4117	4115	2685	2677	4112	-1
4120	4115	2686	2677	4112	-1
4036	4032	2765	2767	2677	4
\.


--
-- Data for Name: users; Type: TABLE DATA; Schema: public; Owner: supersede
--

COPY users (user_id, name) FROM stdin;
0	wp_amin wp_admin
3341	test_game_int test_game_int
\.


--
-- Data for Name: users_criteria_points; Type: TABLE DATA; Schema: public; Owner: supersede
--

COPY users_criteria_points (user_id, criteria_id, points, user_criteria_points_id) FROM stdin;
3341	2685	105	3757
3341	2686	185	3772
3341	2765	165	3756
\.


--
-- Data for Name: users_points; Type: TABLE DATA; Schema: public; Owner: supersede
--

COPY users_points (user_id, user_points, users_points_id) FROM stdin;
3341	1470	3587
\.


--
-- Data for Name: valutation_criterias; Type: TABLE DATA; Schema: public; Owner: supersede
--

COPY valutation_criterias (criteria_id, name, description) FROM stdin;
2685	I	I
2765	A	A
2686	H	H
\.


--
-- Name: arguments_primary_key; Type: CONSTRAINT; Schema: public; Owner: supersede; Tablespace: 
--

ALTER TABLE ONLY arguments
    ADD CONSTRAINT arguments_primary_key PRIMARY KEY (argument_id);


--
-- Name: criterias_matrices_data_primary_key; Type: CONSTRAINT; Schema: public; Owner: supersede; Tablespace: 
--

ALTER TABLE ONLY criterias_matrices_data
    ADD CONSTRAINT criterias_matrices_data_primary_key PRIMARY KEY (criterias_matrix_data_id);


--
-- Name: game_criterias_pkey; Type: CONSTRAINT; Schema: public; Owner: supersede; Tablespace: 
--

ALTER TABLE ONLY game_criterias
    ADD CONSTRAINT game_criterias_pkey PRIMARY KEY (game_id, criteria_id);


--
-- Name: game_players_pkey; Type: CONSTRAINT; Schema: public; Owner: supersede; Tablespace: 
--

ALTER TABLE ONLY game_players
    ADD CONSTRAINT game_players_pkey PRIMARY KEY (player_id, game_id);


--
-- Name: game_requirements_pkey; Type: CONSTRAINT; Schema: public; Owner: supersede; Tablespace: 
--

ALTER TABLE ONLY game_requirements
    ADD CONSTRAINT game_requirements_pkey PRIMARY KEY (game_id, requirement_id);


--
-- Name: games_players_points_primary_key; Type: CONSTRAINT; Schema: public; Owner: supersede; Tablespace: 
--

ALTER TABLE ONLY games_players_points
    ADD CONSTRAINT games_players_points_primary_key PRIMARY KEY (game_player_point_id);


--
-- Name: games_primary_key; Type: CONSTRAINT; Schema: public; Owner: supersede; Tablespace: 
--

ALTER TABLE ONLY games
    ADD CONSTRAINT games_primary_key PRIMARY KEY (game_id);


--
-- Name: judge_acts_primary_key; Type: CONSTRAINT; Schema: public; Owner: supersede; Tablespace: 
--

ALTER TABLE ONLY judge_acts
    ADD CONSTRAINT judge_acts_primary_key PRIMARY KEY (judge_act_id);


--
-- Name: player_moves_primary_key; Type: CONSTRAINT; Schema: public; Owner: supersede; Tablespace: 
--

ALTER TABLE ONLY player_moves
    ADD CONSTRAINT player_moves_primary_key PRIMARY KEY (player_move_id);


--
-- Name: points_primary_key; Type: CONSTRAINT; Schema: public; Owner: supersede; Tablespace: 
--

ALTER TABLE ONLY points
    ADD CONSTRAINT points_primary_key PRIMARY KEY (point_id);


--
-- Name: requirements_matrices_data_primary_key; Type: CONSTRAINT; Schema: public; Owner: supersede; Tablespace: 
--

ALTER TABLE ONLY requirements_matrices_data
    ADD CONSTRAINT requirements_matrices_data_primary_key PRIMARY KEY (requirements_matrix_data_id);


--
-- Name: requirements_primary_key; Type: CONSTRAINT; Schema: public; Owner: supersede; Tablespace: 
--

ALTER TABLE ONLY requirements
    ADD CONSTRAINT requirements_primary_key PRIMARY KEY (requirement_id);


--
-- Name: users_criteria_points_primary_key; Type: CONSTRAINT; Schema: public; Owner: supersede; Tablespace: 
--

ALTER TABLE ONLY users_criteria_points
    ADD CONSTRAINT users_criteria_points_primary_key PRIMARY KEY (user_criteria_points_id);


--
-- Name: users_points_primary_key; Type: CONSTRAINT; Schema: public; Owner: supersede; Tablespace: 
--

ALTER TABLE ONLY users_points
    ADD CONSTRAINT users_points_primary_key PRIMARY KEY (users_points_id);


--
-- Name: users_primary_key; Type: CONSTRAINT; Schema: public; Owner: supersede; Tablespace: 
--

ALTER TABLE ONLY users
    ADD CONSTRAINT users_primary_key PRIMARY KEY (user_id);


--
-- Name: valutation_criterias_primary_key; Type: CONSTRAINT; Schema: public; Owner: supersede; Tablespace: 
--

ALTER TABLE ONLY valutation_criterias
    ADD CONSTRAINT valutation_criterias_primary_key PRIMARY KEY (criteria_id);


--
-- Name: fki_games_fk; Type: INDEX; Schema: public; Owner: supersede; Tablespace: 
--

CREATE INDEX fki_games_fk ON criterias_matrices_data USING btree (game_id);


--
-- Name: fki_games_users_fk; Type: INDEX; Schema: public; Owner: supersede; Tablespace: 
--

CREATE INDEX fki_games_users_fk ON games USING btree (creator_id);


--
-- Name: fki_judge_acts_req_matrix_data_fk; Type: INDEX; Schema: public; Owner: supersede; Tablespace: 
--

CREATE INDEX fki_judge_acts_req_matrix_data_fk ON judge_acts USING btree (requirements_matrix_data_id);


--
-- Name: fki_player_moves_req_matrix_data_fk; Type: INDEX; Schema: public; Owner: supersede; Tablespace: 
--

CREATE INDEX fki_player_moves_req_matrix_data_fk ON player_moves USING btree (requirements_matrix_data_id);


--
-- Name: fki_req_matrix_data_criterias_fk; Type: INDEX; Schema: public; Owner: supersede; Tablespace: 
--

CREATE INDEX fki_req_matrix_data_criterias_fk ON requirements_matrices_data USING btree (criteria_id);


--
-- Name: fki_req_matrix_data_games_fk; Type: INDEX; Schema: public; Owner: supersede; Tablespace: 
--

CREATE INDEX fki_req_matrix_data_games_fk ON requirements_matrices_data USING btree (game_id);


--
-- Name: fki_valutation_criterias_foreign_key; Type: INDEX; Schema: public; Owner: supersede; Tablespace: 
--

CREATE INDEX fki_valutation_criterias_foreign_key ON users_criteria_points USING btree (criteria_id);


--
-- Name: first_requirements_foreign_key; Type: FK CONSTRAINT; Schema: public; Owner: supersede
--

ALTER TABLE ONLY requirements_matrices_data
    ADD CONSTRAINT first_requirements_foreign_key FOREIGN KEY (requirement_row_id) REFERENCES requirements(requirement_id);


--
-- Name: first_valutation_criterias_foreign_key; Type: FK CONSTRAINT; Schema: public; Owner: supersede
--

ALTER TABLE ONLY criterias_matrices_data
    ADD CONSTRAINT first_valutation_criterias_foreign_key FOREIGN KEY (criteria_row_id) REFERENCES valutation_criterias(criteria_id);


--
-- Name: games_fk; Type: FK CONSTRAINT; Schema: public; Owner: supersede
--

ALTER TABLE ONLY criterias_matrices_data
    ADD CONSTRAINT games_fk FOREIGN KEY (game_id) REFERENCES games(game_id);


--
-- Name: games_foreign_key; Type: FK CONSTRAINT; Schema: public; Owner: supersede
--

ALTER TABLE ONLY game_criterias
    ADD CONSTRAINT games_foreign_key FOREIGN KEY (game_id) REFERENCES games(game_id);


--
-- Name: games_foreign_key; Type: FK CONSTRAINT; Schema: public; Owner: supersede
--

ALTER TABLE ONLY game_players
    ADD CONSTRAINT games_foreign_key FOREIGN KEY (game_id) REFERENCES games(game_id);


--
-- Name: games_foreign_key; Type: FK CONSTRAINT; Schema: public; Owner: supersede
--

ALTER TABLE ONLY game_requirements
    ADD CONSTRAINT games_foreign_key FOREIGN KEY (game_id) REFERENCES games(game_id);


--
-- Name: games_foreign_key; Type: FK CONSTRAINT; Schema: public; Owner: supersede
--

ALTER TABLE ONLY games_players_points
    ADD CONSTRAINT games_foreign_key FOREIGN KEY (game_id) REFERENCES games(game_id);


--
-- Name: games_users_fk; Type: FK CONSTRAINT; Schema: public; Owner: supersede
--

ALTER TABLE ONLY games
    ADD CONSTRAINT games_users_fk FOREIGN KEY (creator_id) REFERENCES users(user_id);


--
-- Name: judge_acts_req_matrix_data_fk; Type: FK CONSTRAINT; Schema: public; Owner: supersede
--

ALTER TABLE ONLY judge_acts
    ADD CONSTRAINT judge_acts_req_matrix_data_fk FOREIGN KEY (requirements_matrix_data_id) REFERENCES requirements_matrices_data(requirements_matrix_data_id);


--
-- Name: player_moves_req_matrix_data_fk; Type: FK CONSTRAINT; Schema: public; Owner: supersede
--

ALTER TABLE ONLY player_moves
    ADD CONSTRAINT player_moves_req_matrix_data_fk FOREIGN KEY (requirements_matrix_data_id) REFERENCES requirements_matrices_data(requirements_matrix_data_id);


--
-- Name: req_matrix_data_criterias_fk; Type: FK CONSTRAINT; Schema: public; Owner: supersede
--

ALTER TABLE ONLY requirements_matrices_data
    ADD CONSTRAINT req_matrix_data_criterias_fk FOREIGN KEY (criteria_id) REFERENCES valutation_criterias(criteria_id);


--
-- Name: req_matrix_data_games_fk; Type: FK CONSTRAINT; Schema: public; Owner: supersede
--

ALTER TABLE ONLY requirements_matrices_data
    ADD CONSTRAINT req_matrix_data_games_fk FOREIGN KEY (game_id) REFERENCES games(game_id);


--
-- Name: requirements_foreign_key; Type: FK CONSTRAINT; Schema: public; Owner: supersede
--

ALTER TABLE ONLY game_requirements
    ADD CONSTRAINT requirements_foreign_key FOREIGN KEY (requirement_id) REFERENCES requirements(requirement_id);


--
-- Name: second_requirements_foreign_key; Type: FK CONSTRAINT; Schema: public; Owner: supersede
--

ALTER TABLE ONLY requirements_matrices_data
    ADD CONSTRAINT second_requirements_foreign_key FOREIGN KEY (requirement_column_id) REFERENCES requirements(requirement_id);


--
-- Name: second_valutation_criterias_foreign_key; Type: FK CONSTRAINT; Schema: public; Owner: supersede
--

ALTER TABLE ONLY criterias_matrices_data
    ADD CONSTRAINT second_valutation_criterias_foreign_key FOREIGN KEY (criteria_column_id) REFERENCES valutation_criterias(criteria_id);


--
-- Name: users_foreign_key; Type: FK CONSTRAINT; Schema: public; Owner: supersede
--

ALTER TABLE ONLY users_criteria_points
    ADD CONSTRAINT users_foreign_key FOREIGN KEY (user_id) REFERENCES users(user_id);


--
-- Name: users_foreign_key; Type: FK CONSTRAINT; Schema: public; Owner: supersede
--

ALTER TABLE ONLY users_points
    ADD CONSTRAINT users_foreign_key FOREIGN KEY (user_id) REFERENCES users(user_id);


--
-- Name: users_foreign_key; Type: FK CONSTRAINT; Schema: public; Owner: supersede
--

ALTER TABLE ONLY game_players
    ADD CONSTRAINT users_foreign_key FOREIGN KEY (player_id) REFERENCES users(user_id);


--
-- Name: users_foreign_key; Type: FK CONSTRAINT; Schema: public; Owner: supersede
--

ALTER TABLE ONLY player_moves
    ADD CONSTRAINT users_foreign_key FOREIGN KEY (player_id) REFERENCES users(user_id);


--
-- Name: users_foreign_key; Type: FK CONSTRAINT; Schema: public; Owner: supersede
--

ALTER TABLE ONLY judge_acts
    ADD CONSTRAINT users_foreign_key FOREIGN KEY (judge_id) REFERENCES users(user_id);


--
-- Name: users_foreign_key; Type: FK CONSTRAINT; Schema: public; Owner: supersede
--

ALTER TABLE ONLY games_players_points
    ADD CONSTRAINT users_foreign_key FOREIGN KEY (user_id) REFERENCES users(user_id);


--
-- Name: valutation_criterias_foreign_key; Type: FK CONSTRAINT; Schema: public; Owner: supersede
--

ALTER TABLE ONLY users_criteria_points
    ADD CONSTRAINT valutation_criterias_foreign_key FOREIGN KEY (criteria_id) REFERENCES valutation_criterias(criteria_id);


--
-- Name: valutation_criterias_foreign_key; Type: FK CONSTRAINT; Schema: public; Owner: supersede
--

ALTER TABLE ONLY game_criterias
    ADD CONSTRAINT valutation_criterias_foreign_key FOREIGN KEY (criteria_id) REFERENCES valutation_criterias(criteria_id);


--
-- Name: public; Type: ACL; Schema: -; Owner: postgres
--

REVOKE ALL ON SCHEMA public FROM PUBLIC;
REVOKE ALL ON SCHEMA public FROM postgres;
GRANT ALL ON SCHEMA public TO postgres;
GRANT ALL ON SCHEMA public TO PUBLIC;


--
-- PostgreSQL database dump complete
--

